log_id,order_id,action,old_status,new_status,user,timestamp
1,ORD-1001,Order created,,Received,Office Team,2026-10-06 15:58:46
2,ORD-1002,Order created,,Received,Office Team,2026-10-06 15:58:46
3,ORD-1003,Order created,,Received,Office Team,2026-10-06 15:58:46
4,ORD-1004,Order created,,Received,Office Team,2026-10-06 15:58:46
5,ORD-1005,Order created,,Received,Office Team,2026-10-06 15:58:46
6,ORD-1006,Order created,,Received,Office Team,2026-10-06 15:58:46
7,ORD-1007,Order created,,Received,Office Team,2026-10-06 15:58:46
8,ORD-1008,Order created,,Received,Office Team,2026-10-06 15:58:46
9,ORD-1009,Order created,,Received,Office Team,2026-10-06 15:58:46
10,ORD-1010,Order created,,Received,Office Team,2026-10-06 15:58:46
11,ORD-1011,Order created,,Received,Office Team,2026-10-06 15:58:46
12,ORD-1012,Order created,,Received,Office Team,2026-10-06 15:58:46
13,ORD-1013,Order created,,Received,Office Team,2026-10-06 15:58:46
14,ORD-1014,Order created,,Received,Office Team,2026-10-06 15:58:46
15,ORD-1015,Order created,,Received,Office Team,2026-10-06 15:58:46
16,ORD-1016,Order created,,Received,Office Team,2026-10-06 15:58:46
17,ORD-1017,Order created,,Received,Office Team,2026-10-06 15:58:46
18,ORD-1018,Order created,,Received,Office Team,2026-10-06 15:58:46
19,ORD-1019,Order created,,Received,Office Team,2026-10-06 15:58:46
20,ORD-1020,Order created,,Received,Office Team,2026-10-06 15:58:46
21,ORD-1021,Order created,,Received,Office Team,2026-10-06 15:58:46
22,ORD-1022,Order created,,Received,Office Team,2026-10-06 15:58:46
23,ORD-1023,Order created,,Received,Office Team,2026-10-06 15:58:46
24,ORD-1024,Order created,,Received,Office Team,2026-10-06 15:58:46
25,ORD-1025,Order created,,Received,Office Team,2026-10-06 15:58:46
