inventory_id,warehouse_id,sku,quantity,reserved_quantity
1,WH01,TSHIRT-RED-M,40,5
2,WH01,TSHIRT-BLU-L,25,3
3,WH01,SHOE-BLK-42,0,0
4,WH01,SHOE-WHT-41,8,2
5,WH01,BAG-BLK-01,18,4
6,WH01,CAP-NAV-01,30,2
7,WH01,MUG-WHT-01,50,5
8,WH01,BOT-BLU-01,3,1
9,WH01,JKT-GRN-M,6,1
10,WH01,WAL-BRN-01,15,2
11,WH02,TSHIRT-RED-M,20,0
12,WH02,TSHIRT-BLU-L,15,0
13,WH02,SHOE-BLK-42,12,0
14,WH02,SHOE-WHT-41,5,0
15,WH02,BAG-BLK-01,10,0
16,WH02,CAP-NAV-01,10,0
17,WH02,MUG-WHT-01,25,0
18,WH02,BOT-BLU-01,20,0
19,WH02,JKT-GRN-M,8,0
20,WH02,WAL-BRN-01,5,0
