order_id,order_date,customer_name,priority,deadline,status,courier,tracking_number
ORD-1001,2026-10-06 06:44:46,Aarav Joshi,High,2026-10-06 18:43:46,Processing,Delhivery,
ORD-1002,2026-10-06 12:57:46,Karan Singh,High,2026-10-06 19:13:46,Picking,Delhivery,
ORD-1003,2026-10-06 15:54:46,Tanya Chopra,High,2026-10-06 19:38:46,Processing,Xpressbees,
ORD-1004,2026-10-06 08:20:46,Riya Mehta,Normal,2026-10-06 20:38:46,Received,Delhivery,
ORD-1005,2026-10-06 17:06:46,Aditya Kumar,High,2026-10-06 17:38:46,Picking,Delhivery,
ORD-1006,2026-10-06 13:40:46,Simran Sharma,Normal,2026-10-06 17:13:46,Processing,Xpressbees,
ORD-1007,2026-10-06 08:04:46,Sahil Yadav,High,2026-10-06 21:58:46,Packing,Delhivery,
ORD-1008,2026-10-06 08:20:46,Karan Jain,Normal,2026-10-06 22:58:46,Staged,BlueDart,
ORD-1009,2026-10-06 07:35:46,Neha Verma,Normal,2026-10-06 13:35:46,Shipped,Delhivery,TRK23718431
ORD-1010,2026-10-06 11:31:46,Simran Chopra,Normal,2026-10-06 16:31:46,Staged,Xpressbees,
ORD-1011,2026-10-06 11:28:46,Nisha Malhotra,Normal,2026-10-06 16:28:46,Shipped,BlueDart,TRK47308985
ORD-1012,2026-10-06 11:25:46,Nisha Joshi,Normal,2026-10-06 19:25:46,Packing,BlueDart,
ORD-1013,2026-10-06 08:08:46,Vikram Verma,Normal,2026-10-06 13:08:46,Picking,BlueDart,
ORD-1014,2026-10-06 14:02:46,Sneha Singh,Normal,2026-10-06 22:02:46,Staged,Xpressbees,
ORD-1015,2026-10-06 13:07:46,Isha Jain,High,2026-10-06 17:07:46,Shipped,Delhivery,TRK39436733
ORD-1016,2026-10-06 16:05:46,Meera Malhotra,Normal,2026-10-06 22:05:46,Shipped,BlueDart,TRK81016525
ORD-1017,2026-10-06 17:27:46,Tanya Chopra,Normal,2026-10-07 01:27:46,Processing,Delhivery,
ORD-1018,2026-10-06 13:09:46,Aarav Mishra,Normal,2026-10-06 18:09:46,Shipped,Xpressbees,TRK82394227
ORD-1019,2026-10-06 12:07:46,Tanya Jain,Normal,2026-10-06 20:07:46,Processing,Delhivery,
ORD-1020,2026-10-06 16:28:46,Isha Malhotra,Normal,2026-10-06 22:28:46,Staged,BlueDart,
ORD-1021,2026-10-06 07:17:46,Karan Verma,Normal,2026-10-06 13:17:46,Picking,Delhivery,
ORD-1022,2026-10-06 11:52:46,Nisha Sharma,High,2026-10-06 15:52:46,Staged,Xpressbees,
ORD-1023,2026-10-06 13:44:46,Varun Jain,High,2026-10-06 16:44:46,Received,BlueDart,
ORD-1024,2026-10-06 13:59:46,Arjun Yadav,Normal,2026-10-06 23:59:46,Shipped,Delhivery,TRK35556386
ORD-1025,2026-10-06 10:17:46,Amit Shah,Normal,2026-10-06 15:17:46,Packing,Delhivery,
ORD-1026,2026-10-06 09:59:46,Arjun Sharma,High,2026-10-06 12:59:46,Picking,Xpressbees,
ORD-1027,2026-10-06 06:31:46,Amit Malhotra,Normal,2026-10-06 11:31:46,Shipped,BlueDart,TRK75181648
ORD-1028,2026-10-06 10:48:46,Tanya Das,Normal,2026-10-06 15:48:46,Processing,Xpressbees,
ORD-1029,2026-10-06 08:09:46,Vivaan Mishra,Normal,2026-10-06 14:09:46,Staged,Delhivery,
ORD-1030,2026-10-06 09:30:46,Simran Verma,Normal,2026-10-06 15:30:46,Shipped,Delhivery,TRK34941004
ORD-1031,2026-10-06 06:07:46,Varun Joshi,Normal,2026-10-06 12:07:46,Packing,Delhivery,
ORD-1032,2026-10-06 12:17:46,Riya Verma,Normal,2026-10-06 20:17:46,Packing,Xpressbees,
ORD-1033,2026-10-06 16:23:46,Sneha Malhotra,Normal,2026-10-06 22:23:46,Staged,Delhivery,
ORD-1034,2026-10-06 08:22:46,Tanya Shah,Normal,2026-10-06 13:22:46,Staged,Delhivery,
ORD-1035,2026-10-06 14:59:46,Vivaan Verma,Normal,2026-10-06 22:59:46,Staged,BlueDart,
ORD-1036,2026-10-06 06:49:46,Sahil Mehta,Normal,2026-10-06 11:49:46,Picking,Xpressbees,
ORD-1037,2026-10-06 08:04:46,Riya Shah,High,2026-10-06 12:04:46,Received,BlueDart,
ORD-1038,2026-10-06 15:07:46,Karan Yadav,Normal,2026-10-06 23:07:46,Received,Xpressbees,
ORD-1039,2026-10-06 15:53:46,Tanya Chopra,Normal,2026-10-07 01:53:46,Staged,Delhivery,
ORD-1040,2026-10-06 11:58:46,Karan Kumar,Normal,2026-10-06 17:58:46,Packing,BlueDart,
ORD-1041,2026-10-06 09:47:46,Vikram Malhotra,Normal,2026-10-06 15:47:46,Shipped,BlueDart,TRK63481198
ORD-1042,2026-10-06 16:27:46,Vikram Sharma,Normal,2026-10-07 02:27:46,Picking,Xpressbees,
ORD-1043,2026-10-06 15:47:46,Amit Gupta,Normal,2026-10-06 23:47:46,Packing,Xpressbees,
ORD-1044,2026-10-06 16:53:46,Arjun Joshi,Normal,2026-10-06 22:53:46,Received,Xpressbees,
ORD-1045,2026-10-06 12:31:46,Neha Yadav,Normal,2026-10-06 20:31:46,Shipped,Xpressbees,TRK66431351
ORD-1046,2026-10-06 14:40:46,Sneha Jain,Normal,2026-10-06 19:40:46,Picking,BlueDart,
ORD-1047,2026-10-06 06:07:46,Amit Singh,Normal,2026-10-06 12:07:46,Packing,Delhivery,
ORD-1048,2026-10-06 17:13:46,Amit Joshi,High,2026-10-06 21:13:46,Shipped,Xpressbees,TRK94525678
ORD-1049,2026-10-06 11:05:46,Sahil Shah,Normal,2026-10-06 16:05:46,Picking,Delhivery,
ORD-1050,2026-10-06 09:43:46,Tanya Chopra,High,2026-10-06 11:43:46,Picking,Xpressbees,
ORD-1051,2026-10-06 09:02:46,Nisha Gupta,Normal,2026-10-06 19:02:46,Shipped,Delhivery,TRK44788100
ORD-1052,2026-10-06 08:45:46,Priya Patel,Normal,2026-10-06 18:45:46,Picking,BlueDart,
ORD-1053,2026-10-06 08:25:46,Sneha Mehta,High,2026-10-06 11:25:46,Processing,Xpressbees,
ORD-1054,2026-10-06 16:35:46,Meera Joshi,Normal,2026-10-06 21:35:46,Packing,BlueDart,
ORD-1055,2026-10-06 08:19:46,Neha Patel,Normal,2026-10-06 18:19:46,Shipped,Delhivery,TRK75181765
ORD-1056,2026-10-06 06:14:46,Riya Yadav,Normal,2026-10-06 12:14:46,Packing,Xpressbees,
ORD-1057,2026-10-06 17:11:46,Priya Kumar,High,2026-10-06 20:11:46,Packing,BlueDart,
ORD-1058,2026-10-06 09:53:46,Meera Sharma,Normal,2026-10-06 19:53:46,Shipped,Xpressbees,TRK12601580
ORD-1059,2026-10-06 11:40:46,Simran Singh,Normal,2026-10-06 16:40:46,Received,Delhivery,
ORD-1060,2026-10-06 13:34:46,Simran Mishra,High,2026-10-06 17:34:46,Shipped,Delhivery,TRK59512272
ORD-1061,2026-10-06 15:41:46,Riya Yadav,Normal,2026-10-06 23:41:46,Processing,BlueDart,
ORD-1062,2026-10-06 11:14:46,Varun Patel,Normal,2026-10-06 16:14:46,Shipped,BlueDart,TRK81503856
ORD-1063,2026-10-06 16:28:46,Rohan Mehta,Normal,2026-10-07 02:28:46,Packing,Xpressbees,
ORD-1064,2026-10-06 14:38:46,Vikram Chopra,Normal,2026-10-06 22:38:46,Shipped,Delhivery,TRK42949803
ORD-1065,2026-10-06 09:57:46,Amit Patel,Normal,2026-10-06 19:57:46,Packing,BlueDart,
ORD-1066,2026-10-06 13:14:46,Karan Joshi,Normal,2026-10-06 21:14:46,Shipped,Xpressbees,TRK75575808
ORD-1067,2026-10-06 09:31:46,Sahil Kumar,Normal,2026-10-06 14:31:46,Staged,BlueDart,
ORD-1068,2026-10-06 12:25:46,Ankit Gupta,Normal,2026-10-06 20:25:46,Packing,BlueDart,
ORD-1069,2026-10-06 13:42:46,Riya Das,High,2026-10-06 15:42:46,Picking,Xpressbees,
ORD-1070,2026-10-06 08:41:46,Meera Singh,Normal,2026-10-06 14:41:46,Shipped,Xpressbees,TRK11898961
ORD-1071,2026-10-06 12:58:46,Sneha Patel,High,2026-10-06 15:58:46,Received,BlueDart,
ORD-1072,2026-10-06 14:30:46,Aditya Mishra,Normal,2026-10-07 00:30:46,Picking,BlueDart,
ORD-1073,2026-10-06 06:54:46,Pooja Mishra,Normal,2026-10-06 14:54:46,Processing,Xpressbees,
ORD-1074,2026-10-06 07:28:46,Simran Sharma,Normal,2026-10-06 17:28:46,Picking,Xpressbees,
ORD-1075,2026-10-06 07:14:46,Aditya Singh,Normal,2026-10-06 13:14:46,Processing,Xpressbees,
ORD-1076,2026-10-06 17:36:46,Varun Kumar,Normal,2026-10-07 03:36:46,Shipped,Delhivery,TRK70939053
ORD-1077,2026-10-06 13:08:46,Rohan Verma,Normal,2026-10-06 19:08:46,Staged,BlueDart,
ORD-1078,2026-10-06 16:37:46,Isha Shah,Normal,2026-10-07 00:37:46,Picking,BlueDart,
ORD-1079,2026-10-06 09:13:46,Vikram Mishra,Normal,2026-10-06 19:13:46,Staged,Xpressbees,
ORD-1080,2026-10-06 16:57:46,Ananya Mehta,Normal,2026-10-07 02:57:46,Processing,BlueDart,
ORD-1081,2026-10-06 11:57:46,Vivaan Jain,Normal,2026-10-06 17:57:46,Processing,Xpressbees,
ORD-1082,2026-10-06 16:08:46,Ananya Mishra,Normal,2026-10-07 02:08:46,Picking,Xpressbees,
ORD-1083,2026-10-06 09:08:46,Aarav Yadav,Normal,2026-10-06 15:08:46,Shipped,Delhivery,TRK75056916
ORD-1084,2026-10-06 07:15:46,Nisha Malhotra,Normal,2026-10-06 15:15:46,Shipped,Delhivery,TRK71934487
ORD-1085,2026-10-06 15:01:46,Neha Kumar,Normal,2026-10-06 23:01:46,Shipped,Delhivery,TRK83989546
ORD-1086,2026-10-06 07:25:46,Ankit Malhotra,Normal,2026-10-06 12:25:46,Shipped,Xpressbees,TRK47962005
ORD-1087,2026-10-06 07:37:46,Neha Jain,Normal,2026-10-06 13:37:46,Shipped,Xpressbees,TRK84077101
ORD-1088,2026-10-06 12:09:46,Varun Das,Normal,2026-10-06 18:09:46,Shipped,BlueDart,TRK61167978
ORD-1089,2026-10-06 06:31:46,Sneha Verma,Normal,2026-10-06 11:31:46,Staged,Delhivery,
ORD-1090,2026-10-06 08:40:46,Simran Joshi,Normal,2026-10-06 14:40:46,Received,BlueDart,
ORD-1091,2026-10-06 10:51:46,Varun Chopra,Normal,2026-10-06 20:51:46,Shipped,Xpressbees,TRK41510328
ORD-1092,2026-10-06 12:44:46,Ankit Chopra,Normal,2026-10-06 22:44:46,Shipped,Xpressbees,TRK32329103
ORD-1093,2026-10-06 17:09:46,Riya Yadav,High,2026-10-06 20:09:46,Shipped,BlueDart,TRK81291936
ORD-1094,2026-10-06 14:34:46,Vikram Yadav,Normal,2026-10-07 00:34:46,Received,BlueDart,
ORD-1095,2026-10-06 17:29:46,Pooja Joshi,Normal,2026-10-07 01:29:46,Packing,Xpressbees,
ORD-1096,2026-10-06 13:22:46,Ankit Joshi,Normal,2026-10-06 23:22:46,Picking,Xpressbees,
ORD-1097,2026-10-06 12:36:46,Ananya Kumar,High,2026-10-06 15:36:46,Shipped,Xpressbees,TRK40885967
ORD-1098,2026-10-06 06:47:46,Rohan Verma,Normal,2026-10-06 12:47:46,Picking,Xpressbees,
ORD-1099,2026-10-06 12:36:46,Isha Chopra,Normal,2026-10-06 18:36:46,Packing,Xpressbees,
ORD-1100,2026-10-06 12:59:46,Karan Malhotra,Normal,2026-10-06 22:59:46,Picking,Delhivery,
ORD-1101,2026-10-06 06:06:46,Arjun Jain,Normal,2026-10-06 14:06:46,Shipped,Xpressbees,TRK45495029
ORD-1102,2026-10-06 11:21:46,Nisha Verma,Normal,2026-10-06 21:21:46,Shipped,Delhivery,TRK91883846
ORD-1103,2026-10-06 06:48:46,Arjun Kumar,Normal,2026-10-06 14:48:46,Shipped,Delhivery,TRK76118957
ORD-1104,2026-10-06 08:28:46,Pooja Gupta,High,2026-10-06 12:28:46,Packing,Xpressbees,
ORD-1105,2026-10-06 17:05:46,Ananya Shah,Normal,2026-10-07 03:05:46,Picking,Xpressbees,
ORD-1106,2026-10-06 06:38:46,Amit Yadav,Normal,2026-10-06 12:38:46,Packing,Xpressbees,
ORD-1107,2026-10-06 06:44:46,Meera Kumar,Normal,2026-10-06 14:44:46,Received,Delhivery,
ORD-1108,2026-10-06 07:38:46,Rohan Shah,Normal,2026-10-06 15:38:46,Shipped,Delhivery,TRK47215199
ORD-1109,2026-10-06 13:22:46,Riya Patel,Normal,2026-10-06 18:22:46,Processing,Delhivery,
ORD-1110,2026-10-06 17:22:46,Isha Kumar,Normal,2026-10-07 03:22:46,Received,BlueDart,
ORD-1111,2026-10-06 07:09:46,Arjun Jain,High,2026-10-06 11:09:46,Shipped,Xpressbees,TRK67213476
ORD-1112,2026-10-06 10:04:46,Simran Yadav,High,2026-10-06 14:04:46,Processing,BlueDart,
ORD-1113,2026-10-06 07:39:46,Nisha Chopra,Normal,2026-10-06 15:39:46,Picking,Xpressbees,
ORD-1114,2026-10-06 08:14:46,Neha Mehta,Normal,2026-10-06 18:14:46,Picking,BlueDart,
ORD-1115,2026-10-06 16:01:46,Aditya Mehta,Normal,2026-10-07 00:01:46,Picking,Delhivery,
ORD-1116,2026-10-06 16:00:46,Pooja Malhotra,Normal,2026-10-06 22:00:46,Packing,Xpressbees,
ORD-1117,2026-10-06 16:46:46,Varun Jain,Normal,2026-10-07 00:46:46,Staged,Delhivery,
ORD-1118,2026-10-06 13:49:46,Meera Das,Normal,2026-10-06 21:49:46,Packing,BlueDart,
ORD-1119,2026-10-06 07:02:46,Rahul Malhotra,Normal,2026-10-06 12:02:46,Shipped,Delhivery,TRK57113566
ORD-1120,2026-10-06 15:12:46,Rahul Patel,Normal,2026-10-06 21:12:46,Packing,BlueDart,
ORD-1121,2026-10-06 12:19:46,Varun Verma,Normal,2026-10-06 17:19:46,Shipped,Delhivery,TRK92924837
ORD-1122,2026-10-06 13:00:46,Arjun Gupta,Normal,2026-10-06 23:00:46,Packing,BlueDart,
ORD-1123,2026-10-06 06:04:46,Vivaan Sharma,Normal,2026-10-06 14:04:46,Staged,Xpressbees,
ORD-1124,2026-10-06 14:09:46,Tanya Mehta,Normal,2026-10-06 20:09:46,Picking,BlueDart,
ORD-1125,2026-10-06 14:39:46,Sneha Chopra,High,2026-10-06 16:39:46,Staged,Delhivery,
ORD-1126,2026-10-06 16:19:46,Simran Jain,Normal,2026-10-07 02:19:46,Staged,Delhivery,
ORD-1127,2026-10-06 11:28:46,Priya Kumar,High,2026-10-06 13:28:46,Shipped,Xpressbees,TRK51644346
ORD-1128,2026-10-06 11:57:46,Rohan Gupta,Normal,2026-10-06 16:57:46,Received,Delhivery,
ORD-1129,2026-10-06 14:16:46,Riya Jain,Normal,2026-10-06 19:16:46,Processing,Xpressbees,
ORD-1130,2026-10-06 06:01:46,Ankit Das,Normal,2026-10-06 14:01:46,Staged,Xpressbees,
ORD-1131,2026-10-06 12:57:46,Ankit Verma,Normal,2026-10-06 17:57:46,Packing,BlueDart,
ORD-1132,2026-10-06 06:38:46,Amit Patel,Normal,2026-10-06 16:38:46,Shipped,Xpressbees,TRK86726461
ORD-1133,2026-10-06 07:19:46,Karan Joshi,Normal,2026-10-06 12:19:46,Processing,Delhivery,
ORD-1134,2026-10-06 10:10:46,Varun Mishra,Normal,2026-10-06 16:10:46,Staged,BlueDart,
ORD-1135,2026-10-06 16:45:46,Varun Chopra,Normal,2026-10-06 21:45:46,Shipped,Xpressbees,TRK43822301
ORD-1136,2026-10-06 07:21:46,Meera Mehta,Normal,2026-10-06 13:21:46,Packing,BlueDart,
ORD-1137,2026-10-06 06:40:46,Priya Das,Normal,2026-10-06 11:40:46,Shipped,Delhivery,TRK34194479
ORD-1138,2026-10-06 09:21:46,Tanya Chopra,Normal,2026-10-06 15:21:46,Shipped,Xpressbees,TRK78140959
ORD-1139,2026-10-06 08:39:46,Rahul Singh,High,2026-10-06 12:39:46,Packing,Delhivery,
ORD-1140,2026-10-06 06:59:46,Tanya Kumar,Normal,2026-10-06 16:59:46,Processing,Xpressbees,
ORD-1141,2026-10-06 10:04:46,Amit Patel,Normal,2026-10-06 20:04:46,Shipped,BlueDart,TRK51536077
ORD-1142,2026-10-06 06:04:46,Rohan Malhotra,Normal,2026-10-06 16:04:46,Shipped,Xpressbees,TRK36802975
ORD-1143,2026-10-06 13:22:46,Sneha Chopra,High,2026-10-06 16:22:46,Staged,BlueDart,
ORD-1144,2026-10-06 08:53:46,Isha Patel,High,2026-10-06 10:53:46,Packing,BlueDart,
ORD-1145,2026-10-06 13:37:46,Nisha Patel,Normal,2026-10-06 19:37:46,Processing,Xpressbees,
ORD-1146,2026-10-06 15:09:46,Amit Malhotra,High,2026-10-06 18:09:46,Picking,BlueDart,
ORD-1147,2026-10-06 15:05:46,Vivaan Kumar,Normal,2026-10-07 01:05:46,Shipped,Delhivery,TRK50419829
ORD-1148,2026-10-06 10:29:46,Isha Mishra,Normal,2026-10-06 15:29:46,Staged,Xpressbees,
ORD-1149,2026-10-06 13:31:46,Isha Shah,Normal,2026-10-06 18:31:46,Picking,Delhivery,
ORD-1150,2026-10-06 08:59:46,Tanya Sharma,Normal,2026-10-06 13:59:46,Staged,BlueDart,
ORD-1151,2026-10-06 11:33:46,Sneha Joshi,Normal,2026-10-06 16:33:46,Packing,Xpressbees,
ORD-1152,2026-10-06 09:28:46,Ankit Shah,Normal,2026-10-06 14:28:46,Shipped,BlueDart,TRK15624520
ORD-1153,2026-10-06 10:51:46,Vivaan Malhotra,Normal,2026-10-06 18:51:46,Staged,BlueDart,
ORD-1154,2026-10-06 06:27:46,Kavya Joshi,Normal,2026-10-06 14:27:46,Processing,Delhivery,
ORD-1155,2026-10-06 09:09:46,Rahul Shah,Normal,2026-10-06 17:09:46,Shipped,Xpressbees,TRK67795113
ORD-1156,2026-10-06 12:38:46,Sneha Sharma,Normal,2026-10-06 20:38:46,Processing,BlueDart,
ORD-1157,2026-10-06 11:37:46,Tanya Yadav,Normal,2026-10-06 16:37:46,Packing,Xpressbees,
ORD-1158,2026-10-06 14:55:46,Nisha Patel,Normal,2026-10-07 00:55:46,Processing,Delhivery,
ORD-1159,2026-10-06 11:28:46,Ananya Mehta,Normal,2026-10-06 17:28:46,Staged,Xpressbees,
ORD-1160,2026-10-06 12:17:46,Neha Chopra,Normal,2026-10-06 17:17:46,Picking,Xpressbees,
ORD-1161,2026-10-06 08:03:46,Aditya Jain,High,2026-10-06 12:03:46,Shipped,Delhivery,TRK26460116
ORD-1162,2026-10-06 14:42:46,Sahil Chopra,Normal,2026-10-06 19:42:46,Packing,Xpressbees,
ORD-1163,2026-10-06 06:45:46,Kavya Sharma,Normal,2026-10-06 12:45:46,Packing,Delhivery,
ORD-1164,2026-10-06 11:29:46,Riya Verma,Normal,2026-10-06 17:29:46,Packing,BlueDart,
ORD-1165,2026-10-06 15:30:46,Isha Chopra,Normal,2026-10-07 01:30:46,Shipped,BlueDart,TRK27318510
ORD-1166,2026-10-06 16:42:46,Karan Patel,Normal,2026-10-07 00:42:46,Staged,Xpressbees,
ORD-1167,2026-10-06 08:47:46,Ankit Mishra,Normal,2026-10-06 16:47:46,Shipped,Xpressbees,TRK26800072
ORD-1168,2026-10-06 08:32:46,Riya Gupta,High,2026-10-06 12:32:46,Shipped,Xpressbees,TRK16101779
ORD-1169,2026-10-06 06:32:46,Varun Mehta,Normal,2026-10-06 11:32:46,Staged,Delhivery,
ORD-1170,2026-10-06 12:34:46,Rohan Patel,Normal,2026-10-06 18:34:46,Shipped,Xpressbees,TRK55659873
ORD-1171,2026-10-06 12:12:46,Sneha Verma,Normal,2026-10-06 22:12:46,Shipped,Delhivery,TRK52831009
ORD-1172,2026-10-06 13:05:46,Riya Joshi,Normal,2026-10-06 18:05:46,Processing,BlueDart,
ORD-1173,2026-10-06 12:18:46,Isha Jain,Normal,2026-10-06 22:18:46,Processing,BlueDart,
ORD-1174,2026-10-06 13:32:46,Pooja Singh,Normal,2026-10-06 18:32:46,Packing,Delhivery,
ORD-1175,2026-10-06 13:08:46,Amit Patel,Normal,2026-10-06 21:08:46,Shipped,Xpressbees,TRK86541906
ORD-1176,2026-10-06 08:12:46,Meera Patel,Normal,2026-10-06 18:12:46,Packing,BlueDart,
ORD-1177,2026-10-06 15:11:46,Priya Das,Normal,2026-10-06 20:11:46,Staged,Xpressbees,
ORD-1178,2026-10-06 09:33:46,Tanya Malhotra,Normal,2026-10-06 15:33:46,Processing,Xpressbees,
ORD-1179,2026-10-06 12:32:46,Arjun Mehta,Normal,2026-10-06 22:32:46,Staged,Xpressbees,
ORD-1180,2026-10-06 07:41:46,Tanya Mishra,Normal,2026-10-06 12:41:46,Shipped,Xpressbees,TRK80361272
ORD-1181,2026-10-06 11:09:46,Sahil Kumar,High,2026-10-06 13:09:46,Shipped,BlueDart,TRK30324759
ORD-1182,2026-10-06 10:38:46,Rahul Jain,Normal,2026-10-06 20:38:46,Staged,BlueDart,
ORD-1183,2026-10-06 08:33:46,Ankit Joshi,Normal,2026-10-06 16:33:46,Packing,BlueDart,
ORD-1184,2026-10-06 14:06:46,Varun Shah,Normal,2026-10-07 00:06:46,Staged,Xpressbees,
ORD-1185,2026-10-06 11:10:46,Sahil Verma,Normal,2026-10-06 19:10:46,Packing,BlueDart,
ORD-1186,2026-10-06 11:44:46,Vikram Singh,Normal,2026-10-06 21:44:46,Shipped,Xpressbees,TRK85432781
ORD-1187,2026-10-06 15:47:46,Karan Sharma,Normal,2026-10-06 21:47:46,Staged,Xpressbees,
ORD-1188,2026-10-06 15:56:46,Ankit Patel,Normal,2026-10-06 20:56:46,Shipped,Delhivery,TRK97313825
ORD-1189,2026-10-06 12:46:46,Kavya Singh,Normal,2026-10-06 17:46:46,Shipped,BlueDart,TRK14877451
ORD-1190,2026-10-06 12:42:46,Sneha Gupta,Normal,2026-10-06 17:42:46,Received,Xpressbees,
ORD-1191,2026-10-06 14:21:46,Simran Malhotra,Normal,2026-10-07 00:21:46,Packing,Delhivery,
ORD-1192,2026-10-06 06:44:46,Kavya Patel,Normal,2026-10-06 14:44:46,Shipped,Delhivery,TRK34800912
ORD-1193,2026-10-06 13:24:46,Ananya Joshi,High,2026-10-06 16:24:46,Packing,Xpressbees,
ORD-1194,2026-10-06 13:37:46,Arjun Yadav,High,2026-10-06 16:37:46,Processing,Xpressbees,
ORD-1195,2026-10-06 12:36:46,Meera Chopra,Normal,2026-10-06 18:36:46,Picking,Xpressbees,
ORD-1196,2026-10-06 09:36:46,Isha Joshi,Normal,2026-10-06 15:36:46,Shipped,BlueDart,TRK80532309
ORD-1197,2026-10-06 11:28:46,Varun Kumar,High,2026-10-06 13:28:46,Staged,Delhivery,
ORD-1198,2026-10-06 07:41:46,Sneha Mishra,Normal,2026-10-06 17:41:46,Shipped,BlueDart,TRK78886959
ORD-1199,2026-10-06 16:39:46,Ananya Joshi,Normal,2026-10-07 00:39:46,Shipped,BlueDart,TRK16078694
ORD-1200,2026-10-06 16:33:46,Nisha Joshi,Normal,2026-10-06 21:33:46,Received,Delhivery,
ORD-1201,2026-10-06 06:37:46,Ananya Verma,Normal,2026-10-06 16:37:46,Packing,Xpressbees,
ORD-1202,2026-10-06 14:36:46,Neha Malhotra,Normal,2026-10-06 20:36:46,Packing,Xpressbees,
ORD-1203,2026-10-06 13:43:46,Pooja Mishra,Normal,2026-10-06 21:43:46,Packing,Xpressbees,
ORD-1204,2026-10-06 17:22:46,Sneha Kumar,Normal,2026-10-06 22:22:46,Received,BlueDart,
ORD-1205,2026-10-06 08:26:46,Riya Patel,Normal,2026-10-06 13:26:46,Shipped,Xpressbees,TRK41428626
ORD-1206,2026-10-06 07:47:46,Karan Mehta,Normal,2026-10-06 15:47:46,Shipped,Xpressbees,TRK98612211
ORD-1207,2026-10-06 12:31:46,Priya Joshi,Normal,2026-10-06 18:31:46,Staged,Xpressbees,
ORD-1208,2026-10-06 10:32:46,Meera Mehta,Normal,2026-10-06 16:32:46,Picking,Delhivery,
ORD-1209,2026-10-06 10:32:46,Aditya Shah,Normal,2026-10-06 16:32:46,Processing,BlueDart,
ORD-1210,2026-10-06 14:23:46,Ankit Chopra,High,2026-10-06 18:23:46,Packing,BlueDart,
ORD-1211,2026-10-06 17:23:46,Neha Jain,Normal,2026-10-06 22:23:46,Picking,BlueDart,
ORD-1212,2026-10-06 08:32:46,Priya Mehta,Normal,2026-10-06 16:32:46,Picking,BlueDart,
ORD-1213,2026-10-06 16:52:46,Rohan Kumar,Normal,2026-10-06 22:52:46,Picking,BlueDart,
ORD-1214,2026-10-06 12:01:46,Nisha Joshi,Normal,2026-10-06 18:01:46,Staged,Xpressbees,
ORD-1215,2026-10-06 09:16:46,Nisha Sharma,Normal,2026-10-06 17:16:46,Shipped,Xpressbees,TRK34702473
ORD-1216,2026-10-06 08:42:46,Karan Verma,High,2026-10-06 12:42:46,Shipped,Xpressbees,TRK28453800
ORD-1217,2026-10-06 15:04:46,Kavya Sharma,High,2026-10-06 18:04:46,Staged,Xpressbees,
ORD-1218,2026-10-06 17:32:46,Arjun Shah,Normal,2026-10-06 22:32:46,Packing,Delhivery,
ORD-1219,2026-10-06 15:06:46,Sneha Mishra,Normal,2026-10-06 23:06:46,Staged,BlueDart,
ORD-1220,2026-10-06 13:29:46,Nisha Sharma,Normal,2026-10-06 18:29:46,Picking,Delhivery,
ORD-1221,2026-10-06 14:43:46,Riya Jain,High,2026-10-06 18:43:46,Shipped,Xpressbees,TRK38375916
ORD-1222,2026-10-06 13:01:46,Rohan Das,High,2026-10-06 16:01:46,Received,Xpressbees,
ORD-1223,2026-10-06 10:51:46,Tanya Patel,Normal,2026-10-06 16:51:46,Picking,Xpressbees,
ORD-1224,2026-10-06 16:44:46,Vikram Das,High,2026-10-06 18:44:46,Picking,Xpressbees,
ORD-1225,2026-10-06 09:57:46,Sahil Verma,Normal,2026-10-06 19:57:46,Packing,Delhivery,
ORD-1226,2026-10-06 16:14:46,Sneha Patel,Normal,2026-10-06 22:14:46,Packing,BlueDart,
ORD-1227,2026-10-06 13:02:46,Aditya Patel,High,2026-10-06 16:02:46,Processing,Delhivery,
ORD-1228,2026-10-06 08:11:46,Tanya Chopra,High,2026-10-06 11:11:46,Staged,Delhivery,
ORD-1229,2026-10-06 08:06:46,Aditya Singh,Normal,2026-10-06 14:06:46,Shipped,Delhivery,TRK76185975
ORD-1230,2026-10-06 10:13:46,Arjun Singh,Normal,2026-10-06 15:13:46,Picking,BlueDart,
ORD-1231,2026-10-06 12:27:46,Simran Singh,High,2026-10-06 16:27:46,Packing,Xpressbees,
ORD-1232,2026-10-06 12:31:46,Sahil Yadav,Normal,2026-10-06 18:31:46,Shipped,Xpressbees,TRK49117508
ORD-1233,2026-10-06 09:16:46,Riya Shah,Normal,2026-10-06 17:16:46,Shipped,Delhivery,TRK85678734
ORD-1234,2026-10-06 14:34:46,Nisha Gupta,Normal,2026-10-07 00:34:46,Staged,Delhivery,
ORD-1235,2026-10-06 13:31:46,Isha Chopra,Normal,2026-10-06 23:31:46,Processing,Xpressbees,
ORD-1236,2026-10-06 10:30:46,Vivaan Mishra,Normal,2026-10-06 18:30:46,Shipped,Xpressbees,TRK96838849
ORD-1237,2026-10-06 06:38:46,Isha Joshi,Normal,2026-10-06 14:38:46,Packing,Delhivery,
ORD-1238,2026-10-06 08:47:46,Kavya Verma,Normal,2026-10-06 14:47:46,Shipped,Delhivery,TRK56300738
ORD-1239,2026-10-06 12:36:46,Ananya Jain,Normal,2026-10-06 17:36:46,Shipped,BlueDart,TRK79942848
ORD-1240,2026-10-06 15:59:46,Priya Yadav,Normal,2026-10-06 23:59:46,Shipped,Delhivery,TRK25446483
ORD-1241,2026-10-06 15:47:46,Neha Yadav,Normal,2026-10-06 21:47:46,Processing,Delhivery,
ORD-1242,2026-10-06 14:30:46,Pooja Mehta,Normal,2026-10-07 00:30:46,Shipped,Xpressbees,TRK70340936
ORD-1243,2026-10-06 17:34:46,Arjun Gupta,Normal,2026-10-06 22:34:46,Picking,BlueDart,
ORD-1244,2026-10-06 06:12:46,Rahul Malhotra,Normal,2026-10-06 14:12:46,Staged,Xpressbees,
ORD-1245,2026-10-06 06:09:46,Ananya Joshi,Normal,2026-10-06 11:09:46,Picking,Delhivery,
ORD-1246,2026-10-06 15:14:46,Ankit Singh,Normal,2026-10-06 21:14:46,Packing,BlueDart,
ORD-1247,2026-10-06 14:27:46,Meera Shah,Normal,2026-10-06 19:27:46,Packing,BlueDart,
ORD-1248,2026-10-06 06:30:46,Vikram Kumar,Normal,2026-10-06 16:30:46,Shipped,Delhivery,TRK49203644
ORD-1249,2026-10-06 08:28:46,Amit Mehta,Normal,2026-10-06 18:28:46,Shipped,Xpressbees,TRK69239219
ORD-1250,2026-10-06 15:54:46,Arjun Das,Normal,2026-10-06 21:54:46,Shipped,BlueDart,TRK21674661
