order_item_id,order_id,sku,quantity
1,ORD-1001,SHOE-BLK-42,1
2,ORD-1002,SHOE-BLK-42,1
3,ORD-1003,SHOE-BLK-42,2
4,ORD-1004,SHOE-BLK-42,1
5,ORD-1005,SHOE-BLK-42,1
6,ORD-1006,SHOE-BLK-42,2
7,ORD-1007,SHOE-WHT-41,1
8,ORD-1008,BAG-BLK-01,1
9,ORD-1009,MUG-WHT-01,1
10,ORD-1009,CAP-NAV-01,1
11,ORD-1009,BAG-BLK-01,2
12,ORD-1010,BOT-BLU-01,2
13,ORD-1010,JKT-GRN-M,1
14,ORD-1010,TSHIRT-BLU-L,2
15,ORD-1011,SHOE-WHT-41,1
16,ORD-1011,BAG-BLK-01,1
17,ORD-1011,TSHIRT-BLU-L,2
18,ORD-1012,TSHIRT-BLU-L,1
19,ORD-1012,SHOE-BLK-42,2
20,ORD-1012,SHOE-WHT-41,2
21,ORD-1013,TSHIRT-RED-M,2
22,ORD-1014,BOT-BLU-01,2
23,ORD-1015,WAL-BRN-01,2
24,ORD-1015,MUG-WHT-01,2
25,ORD-1016,SHOE-BLK-42,2
26,ORD-1016,MUG-WHT-01,2
27,ORD-1016,TSHIRT-BLU-L,2
28,ORD-1017,CAP-NAV-01,2
29,ORD-1017,TSHIRT-BLU-L,1
30,ORD-1017,BAG-BLK-01,2
31,ORD-1018,BAG-BLK-01,1
32,ORD-1018,JKT-GRN-M,2
33,ORD-1018,SHOE-WHT-41,1
34,ORD-1019,SHOE-WHT-41,1
35,ORD-1019,TSHIRT-RED-M,1
36,ORD-1020,BOT-BLU-01,1
37,ORD-1021,BAG-BLK-01,2
38,ORD-1021,MUG-WHT-01,2
39,ORD-1021,CAP-NAV-01,1
40,ORD-1022,TSHIRT-RED-M,1
41,ORD-1023,JKT-GRN-M,1
42,ORD-1024,BOT-BLU-01,2
43,ORD-1025,TSHIRT-BLU-L,2
44,ORD-1025,TSHIRT-RED-M,1
45,ORD-1025,MUG-WHT-01,1
46,ORD-1026,TSHIRT-BLU-L,2
47,ORD-1027,SHOE-BLK-42,2
48,ORD-1028,BAG-BLK-01,2
49,ORD-1028,BOT-BLU-01,2
50,ORD-1029,SHOE-WHT-41,1
51,ORD-1029,TSHIRT-RED-M,2
52,ORD-1030,JKT-GRN-M,1
53,ORD-1031,WAL-BRN-01,2
54,ORD-1031,TSHIRT-RED-M,2
55,ORD-1031,TSHIRT-BLU-L,2
56,ORD-1032,CAP-NAV-01,1
57,ORD-1032,TSHIRT-BLU-L,2
58,ORD-1033,TSHIRT-BLU-L,2
59,ORD-1033,SHOE-WHT-41,2
60,ORD-1034,JKT-GRN-M,1
61,ORD-1034,BAG-BLK-01,2
62,ORD-1034,TSHIRT-BLU-L,1
63,ORD-1035,BAG-BLK-01,2
64,ORD-1036,SHOE-BLK-42,1
65,ORD-1036,BAG-BLK-01,2
66,ORD-1037,JKT-GRN-M,1
67,ORD-1038,CAP-NAV-01,1
68,ORD-1039,SHOE-BLK-42,1
69,ORD-1039,SHOE-WHT-41,2
70,ORD-1039,WAL-BRN-01,1
71,ORD-1040,SHOE-BLK-42,2
72,ORD-1040,TSHIRT-BLU-L,1
73,ORD-1041,TSHIRT-RED-M,1
74,ORD-1042,JKT-GRN-M,1
75,ORD-1042,CAP-NAV-01,2
76,ORD-1042,TSHIRT-RED-M,1
77,ORD-1043,WAL-BRN-01,1
78,ORD-1043,JKT-GRN-M,2
79,ORD-1044,MUG-WHT-01,2
80,ORD-1044,TSHIRT-BLU-L,2
81,ORD-1045,BAG-BLK-01,1
82,ORD-1045,JKT-GRN-M,1
83,ORD-1046,BAG-BLK-01,2
84,ORD-1046,SHOE-WHT-41,2
85,ORD-1047,TSHIRT-BLU-L,1
86,ORD-1047,BAG-BLK-01,1
87,ORD-1047,CAP-NAV-01,2
88,ORD-1048,BOT-BLU-01,2
89,ORD-1049,MUG-WHT-01,1
90,ORD-1050,SHOE-BLK-42,2
91,ORD-1050,BOT-BLU-01,2
92,ORD-1051,BOT-BLU-01,2
93,ORD-1052,BAG-BLK-01,1
94,ORD-1053,SHOE-BLK-42,2
95,ORD-1053,SHOE-WHT-41,2
96,ORD-1053,TSHIRT-BLU-L,2
97,ORD-1054,MUG-WHT-01,2
98,ORD-1054,BOT-BLU-01,2
99,ORD-1054,TSHIRT-RED-M,2
100,ORD-1055,BAG-BLK-01,2
101,ORD-1056,SHOE-BLK-42,1
102,ORD-1056,JKT-GRN-M,2
103,ORD-1057,TSHIRT-RED-M,2
104,ORD-1058,MUG-WHT-01,1
105,ORD-1058,BAG-BLK-01,2
106,ORD-1059,SHOE-WHT-41,1
107,ORD-1060,BOT-BLU-01,2
108,ORD-1061,WAL-BRN-01,1
109,ORD-1062,SHOE-WHT-41,1
110,ORD-1062,TSHIRT-BLU-L,1
111,ORD-1062,BAG-BLK-01,2
112,ORD-1063,TSHIRT-BLU-L,2
113,ORD-1063,MUG-WHT-01,2
114,ORD-1064,JKT-GRN-M,2
115,ORD-1064,BOT-BLU-01,2
116,ORD-1064,WAL-BRN-01,2
117,ORD-1065,TSHIRT-RED-M,2
118,ORD-1065,BOT-BLU-01,1
119,ORD-1066,TSHIRT-RED-M,1
120,ORD-1066,JKT-GRN-M,1
121,ORD-1066,SHOE-WHT-41,2
122,ORD-1067,BAG-BLK-01,1
123,ORD-1068,JKT-GRN-M,2
124,ORD-1068,CAP-NAV-01,2
125,ORD-1069,JKT-GRN-M,1
126,ORD-1069,SHOE-BLK-42,2
127,ORD-1069,SHOE-WHT-41,2
128,ORD-1070,SHOE-WHT-41,1
129,ORD-1070,CAP-NAV-01,2
130,ORD-1071,SHOE-BLK-42,1
131,ORD-1071,BOT-BLU-01,2
132,ORD-1071,TSHIRT-BLU-L,2
133,ORD-1072,TSHIRT-BLU-L,2
134,ORD-1073,SHOE-WHT-41,1
135,ORD-1074,BOT-BLU-01,2
136,ORD-1074,BAG-BLK-01,2
137,ORD-1075,SHOE-WHT-41,1
138,ORD-1075,BAG-BLK-01,1
139,ORD-1075,TSHIRT-BLU-L,1
140,ORD-1076,TSHIRT-RED-M,2
141,ORD-1076,SHOE-WHT-41,2
142,ORD-1077,TSHIRT-BLU-L,1
143,ORD-1077,JKT-GRN-M,1
144,ORD-1078,TSHIRT-BLU-L,2
145,ORD-1078,BOT-BLU-01,2
146,ORD-1079,CAP-NAV-01,1
147,ORD-1079,BAG-BLK-01,1
148,ORD-1079,TSHIRT-RED-M,1
149,ORD-1080,SHOE-BLK-42,2
150,ORD-1080,MUG-WHT-01,1
151,ORD-1081,MUG-WHT-01,2
152,ORD-1081,BOT-BLU-01,2
153,ORD-1082,TSHIRT-RED-M,2
154,ORD-1082,JKT-GRN-M,1
155,ORD-1082,BOT-BLU-01,1
156,ORD-1083,JKT-GRN-M,2
157,ORD-1083,SHOE-BLK-42,2
158,ORD-1084,TSHIRT-RED-M,1
159,ORD-1084,JKT-GRN-M,1
160,ORD-1084,MUG-WHT-01,1
161,ORD-1085,BOT-BLU-01,1
162,ORD-1085,WAL-BRN-01,2
163,ORD-1086,MUG-WHT-01,2
164,ORD-1086,CAP-NAV-01,1
165,ORD-1087,JKT-GRN-M,2
166,ORD-1087,BOT-BLU-01,2
167,ORD-1088,MUG-WHT-01,1
168,ORD-1088,SHOE-WHT-41,2
169,ORD-1088,WAL-BRN-01,2
170,ORD-1089,JKT-GRN-M,2
171,ORD-1090,SHOE-BLK-42,2
172,ORD-1090,TSHIRT-BLU-L,2
173,ORD-1091,BOT-BLU-01,1
174,ORD-1091,JKT-GRN-M,1
175,ORD-1092,TSHIRT-BLU-L,2
176,ORD-1093,CAP-NAV-01,1
177,ORD-1093,MUG-WHT-01,1
178,ORD-1094,SHOE-WHT-41,1
179,ORD-1094,BOT-BLU-01,2
180,ORD-1094,SHOE-BLK-42,2
181,ORD-1095,JKT-GRN-M,2
182,ORD-1095,SHOE-BLK-42,2
183,ORD-1095,TSHIRT-BLU-L,2
184,ORD-1096,TSHIRT-BLU-L,2
185,ORD-1096,SHOE-WHT-41,2
186,ORD-1097,TSHIRT-RED-M,2
187,ORD-1097,WAL-BRN-01,2
188,ORD-1098,TSHIRT-BLU-L,2
189,ORD-1098,TSHIRT-RED-M,1
190,ORD-1098,BAG-BLK-01,2
191,ORD-1099,JKT-GRN-M,2
192,ORD-1100,CAP-NAV-01,2
193,ORD-1100,TSHIRT-BLU-L,1
194,ORD-1101,MUG-WHT-01,1
195,ORD-1102,CAP-NAV-01,2
196,ORD-1102,TSHIRT-BLU-L,1
197,ORD-1102,SHOE-WHT-41,2
198,ORD-1103,MUG-WHT-01,1
199,ORD-1103,TSHIRT-BLU-L,1
200,ORD-1103,SHOE-BLK-42,2
201,ORD-1104,JKT-GRN-M,2
202,ORD-1104,MUG-WHT-01,1
203,ORD-1104,SHOE-BLK-42,2
204,ORD-1105,CAP-NAV-01,1
205,ORD-1106,BOT-BLU-01,1
206,ORD-1107,SHOE-BLK-42,1
207,ORD-1108,WAL-BRN-01,1
208,ORD-1109,TSHIRT-RED-M,2
209,ORD-1110,TSHIRT-BLU-L,2
210,ORD-1110,WAL-BRN-01,2
211,ORD-1110,BOT-BLU-01,1
212,ORD-1111,BAG-BLK-01,1
213,ORD-1111,BOT-BLU-01,2
214,ORD-1111,TSHIRT-RED-M,2
215,ORD-1112,TSHIRT-BLU-L,1
216,ORD-1113,JKT-GRN-M,1
217,ORD-1113,MUG-WHT-01,1
218,ORD-1114,MUG-WHT-01,2
219,ORD-1115,SHOE-BLK-42,1
220,ORD-1115,BOT-BLU-01,1
221,ORD-1116,TSHIRT-RED-M,1
222,ORD-1116,JKT-GRN-M,2
223,ORD-1116,CAP-NAV-01,2
224,ORD-1117,WAL-BRN-01,1
225,ORD-1118,BAG-BLK-01,1
226,ORD-1119,BAG-BLK-01,2
227,ORD-1119,TSHIRT-RED-M,2
228,ORD-1119,SHOE-BLK-42,2
229,ORD-1120,TSHIRT-RED-M,2
230,ORD-1120,TSHIRT-BLU-L,2
231,ORD-1120,SHOE-WHT-41,2
232,ORD-1121,SHOE-BLK-42,1
233,ORD-1122,BAG-BLK-01,1
234,ORD-1122,SHOE-WHT-41,2
235,ORD-1123,SHOE-WHT-41,2
236,ORD-1124,BAG-BLK-01,1
237,ORD-1124,CAP-NAV-01,1
238,ORD-1125,JKT-GRN-M,2
239,ORD-1125,CAP-NAV-01,1
240,ORD-1125,TSHIRT-BLU-L,2
241,ORD-1126,MUG-WHT-01,2
242,ORD-1126,BAG-BLK-01,1
243,ORD-1126,TSHIRT-BLU-L,2
244,ORD-1127,WAL-BRN-01,1
245,ORD-1127,MUG-WHT-01,2
246,ORD-1128,JKT-GRN-M,2
247,ORD-1128,SHOE-WHT-41,1
248,ORD-1128,CAP-NAV-01,1
249,ORD-1129,BOT-BLU-01,2
250,ORD-1130,CAP-NAV-01,1
251,ORD-1130,SHOE-BLK-42,2
252,ORD-1130,BOT-BLU-01,2
253,ORD-1131,BOT-BLU-01,1
254,ORD-1131,WAL-BRN-01,1
255,ORD-1132,WAL-BRN-01,1
256,ORD-1132,JKT-GRN-M,2
257,ORD-1133,TSHIRT-BLU-L,1
258,ORD-1133,CAP-NAV-01,1
259,ORD-1134,CAP-NAV-01,2
260,ORD-1134,BAG-BLK-01,2
261,ORD-1135,TSHIRT-BLU-L,2
262,ORD-1135,JKT-GRN-M,2
263,ORD-1136,BAG-BLK-01,1
264,ORD-1136,MUG-WHT-01,1
265,ORD-1137,MUG-WHT-01,1
266,ORD-1137,JKT-GRN-M,2
267,ORD-1137,CAP-NAV-01,2
268,ORD-1138,BAG-BLK-01,1
269,ORD-1139,WAL-BRN-01,2
270,ORD-1140,MUG-WHT-01,2
271,ORD-1141,JKT-GRN-M,1
272,ORD-1142,MUG-WHT-01,2
273,ORD-1142,JKT-GRN-M,1
274,ORD-1143,TSHIRT-BLU-L,2
275,ORD-1143,JKT-GRN-M,1
276,ORD-1143,WAL-BRN-01,1
277,ORD-1144,CAP-NAV-01,2
278,ORD-1144,TSHIRT-RED-M,1
279,ORD-1145,CAP-NAV-01,1
280,ORD-1146,SHOE-BLK-42,1
281,ORD-1146,BOT-BLU-01,1
282,ORD-1146,JKT-GRN-M,1
283,ORD-1147,BAG-BLK-01,1
284,ORD-1148,BOT-BLU-01,1
285,ORD-1149,CAP-NAV-01,1
286,ORD-1149,SHOE-WHT-41,1
287,ORD-1149,MUG-WHT-01,2
288,ORD-1150,BOT-BLU-01,2
289,ORD-1150,TSHIRT-RED-M,2
290,ORD-1151,CAP-NAV-01,2
291,ORD-1151,SHOE-BLK-42,2
292,ORD-1151,TSHIRT-RED-M,1
293,ORD-1152,BOT-BLU-01,1
294,ORD-1152,TSHIRT-RED-M,1
295,ORD-1152,BAG-BLK-01,1
296,ORD-1153,SHOE-WHT-41,2
297,ORD-1154,MUG-WHT-01,2
298,ORD-1154,BOT-BLU-01,2
299,ORD-1155,MUG-WHT-01,1
300,ORD-1156,BOT-BLU-01,1
301,ORD-1156,MUG-WHT-01,2
302,ORD-1157,MUG-WHT-01,2
303,ORD-1158,SHOE-BLK-42,1
304,ORD-1159,BOT-BLU-01,2
305,ORD-1159,CAP-NAV-01,1
306,ORD-1159,JKT-GRN-M,1
307,ORD-1160,SHOE-BLK-42,2
308,ORD-1161,SHOE-WHT-41,2
309,ORD-1161,BAG-BLK-01,1
310,ORD-1162,CAP-NAV-01,2
311,ORD-1162,WAL-BRN-01,2
312,ORD-1162,TSHIRT-BLU-L,1
313,ORD-1163,SHOE-WHT-41,1
314,ORD-1164,TSHIRT-BLU-L,2
315,ORD-1164,WAL-BRN-01,2
316,ORD-1164,BAG-BLK-01,2
317,ORD-1165,JKT-GRN-M,1
318,ORD-1165,CAP-NAV-01,1
319,ORD-1166,SHOE-BLK-42,2
320,ORD-1167,JKT-GRN-M,2
321,ORD-1168,SHOE-BLK-42,1
322,ORD-1168,WAL-BRN-01,1
323,ORD-1168,CAP-NAV-01,1
324,ORD-1169,JKT-GRN-M,2
325,ORD-1169,BAG-BLK-01,2
326,ORD-1170,MUG-WHT-01,2
327,ORD-1170,BOT-BLU-01,1
328,ORD-1171,CAP-NAV-01,1
329,ORD-1172,MUG-WHT-01,1
330,ORD-1172,WAL-BRN-01,1
331,ORD-1173,BAG-BLK-01,1
332,ORD-1173,BOT-BLU-01,1
333,ORD-1174,BOT-BLU-01,2
334,ORD-1174,WAL-BRN-01,1
335,ORD-1175,MUG-WHT-01,1
336,ORD-1176,BAG-BLK-01,1
337,ORD-1176,TSHIRT-BLU-L,2
338,ORD-1176,SHOE-BLK-42,2
339,ORD-1177,TSHIRT-RED-M,1
340,ORD-1178,WAL-BRN-01,1
341,ORD-1178,CAP-NAV-01,2
342,ORD-1179,WAL-BRN-01,1
343,ORD-1179,BAG-BLK-01,2
344,ORD-1179,BOT-BLU-01,2
345,ORD-1180,BOT-BLU-01,1
346,ORD-1180,BAG-BLK-01,2
347,ORD-1180,SHOE-WHT-41,1
348,ORD-1181,TSHIRT-BLU-L,2
349,ORD-1181,SHOE-WHT-41,2
350,ORD-1181,TSHIRT-RED-M,2
351,ORD-1182,TSHIRT-RED-M,2
352,ORD-1182,SHOE-BLK-42,2
353,ORD-1182,SHOE-WHT-41,2
354,ORD-1183,BOT-BLU-01,2
355,ORD-1183,SHOE-WHT-41,2
356,ORD-1183,JKT-GRN-M,1
357,ORD-1184,JKT-GRN-M,2
358,ORD-1184,BAG-BLK-01,1
359,ORD-1185,BAG-BLK-01,1
360,ORD-1186,SHOE-WHT-41,2
361,ORD-1187,JKT-GRN-M,1
362,ORD-1188,SHOE-BLK-42,2
363,ORD-1188,TSHIRT-RED-M,2
364,ORD-1188,WAL-BRN-01,2
365,ORD-1189,WAL-BRN-01,1
366,ORD-1189,SHOE-WHT-41,2
367,ORD-1189,TSHIRT-RED-M,1
368,ORD-1190,BAG-BLK-01,2
369,ORD-1190,BOT-BLU-01,1
370,ORD-1191,BAG-BLK-01,2
371,ORD-1191,SHOE-BLK-42,2
372,ORD-1191,TSHIRT-RED-M,1
373,ORD-1192,MUG-WHT-01,1
374,ORD-1193,CAP-NAV-01,1
375,ORD-1193,BAG-BLK-01,2
376,ORD-1194,MUG-WHT-01,2
377,ORD-1195,SHOE-BLK-42,2
378,ORD-1195,BOT-BLU-01,2
379,ORD-1196,WAL-BRN-01,1
380,ORD-1197,JKT-GRN-M,1
381,ORD-1197,SHOE-WHT-41,2
382,ORD-1197,SHOE-BLK-42,2
383,ORD-1198,BOT-BLU-01,1
384,ORD-1199,TSHIRT-RED-M,1
385,ORD-1199,MUG-WHT-01,1
386,ORD-1199,BAG-BLK-01,1
387,ORD-1200,TSHIRT-RED-M,2
388,ORD-1200,BAG-BLK-01,1
389,ORD-1201,MUG-WHT-01,1
390,ORD-1201,WAL-BRN-01,1
391,ORD-1202,SHOE-WHT-41,2
392,ORD-1202,TSHIRT-RED-M,2
393,ORD-1202,JKT-GRN-M,2
394,ORD-1203,TSHIRT-BLU-L,1
395,ORD-1204,WAL-BRN-01,1
396,ORD-1204,TSHIRT-RED-M,1
397,ORD-1205,JKT-GRN-M,2
398,ORD-1206,BAG-BLK-01,1
399,ORD-1207,MUG-WHT-01,1
400,ORD-1207,JKT-GRN-M,2
401,ORD-1207,BOT-BLU-01,2
402,ORD-1208,BOT-BLU-01,2
403,ORD-1208,SHOE-WHT-41,1
404,ORD-1208,JKT-GRN-M,2
405,ORD-1209,SHOE-WHT-41,1
406,ORD-1209,CAP-NAV-01,2
407,ORD-1210,TSHIRT-RED-M,1
408,ORD-1210,TSHIRT-BLU-L,2
409,ORD-1210,SHOE-WHT-41,1
410,ORD-1211,BOT-BLU-01,2
411,ORD-1211,SHOE-WHT-41,1
412,ORD-1211,JKT-GRN-M,2
413,ORD-1212,BOT-BLU-01,2
414,ORD-1212,WAL-BRN-01,2
415,ORD-1212,TSHIRT-BLU-L,1
416,ORD-1213,BAG-BLK-01,2
417,ORD-1214,JKT-GRN-M,2
418,ORD-1214,CAP-NAV-01,2
419,ORD-1215,SHOE-BLK-42,2
420,ORD-1216,TSHIRT-RED-M,2
421,ORD-1217,WAL-BRN-01,2
422,ORD-1218,BAG-BLK-01,1
423,ORD-1218,JKT-GRN-M,2
424,ORD-1218,WAL-BRN-01,1
425,ORD-1219,BAG-BLK-01,1
426,ORD-1219,MUG-WHT-01,2
427,ORD-1220,TSHIRT-RED-M,2
428,ORD-1220,TSHIRT-BLU-L,2
429,ORD-1220,MUG-WHT-01,2
430,ORD-1221,WAL-BRN-01,1
431,ORD-1221,TSHIRT-BLU-L,1
432,ORD-1222,WAL-BRN-01,2
433,ORD-1222,TSHIRT-RED-M,1
434,ORD-1222,SHOE-BLK-42,1
435,ORD-1223,MUG-WHT-01,2
436,ORD-1223,JKT-GRN-M,1
437,ORD-1223,CAP-NAV-01,1
438,ORD-1224,WAL-BRN-01,2
439,ORD-1224,MUG-WHT-01,1
440,ORD-1225,SHOE-BLK-42,1
441,ORD-1225,MUG-WHT-01,2
442,ORD-1226,MUG-WHT-01,1
443,ORD-1226,CAP-NAV-01,1
444,ORD-1226,JKT-GRN-M,1
445,ORD-1227,JKT-GRN-M,2
446,ORD-1227,WAL-BRN-01,1
447,ORD-1228,TSHIRT-RED-M,2
448,ORD-1228,BAG-BLK-01,2
449,ORD-1229,MUG-WHT-01,2
450,ORD-1229,SHOE-BLK-42,2
451,ORD-1229,JKT-GRN-M,2
452,ORD-1230,BAG-BLK-01,2
453,ORD-1230,SHOE-WHT-41,1
454,ORD-1231,CAP-NAV-01,2
455,ORD-1231,BOT-BLU-01,2
456,ORD-1232,CAP-NAV-01,2
457,ORD-1232,SHOE-BLK-42,2
458,ORD-1233,BAG-BLK-01,2
459,ORD-1233,MUG-WHT-01,1
460,ORD-1234,SHOE-WHT-41,1
461,ORD-1234,BOT-BLU-01,2
462,ORD-1234,BAG-BLK-01,2
463,ORD-1235,TSHIRT-BLU-L,2
464,ORD-1235,BOT-BLU-01,2
465,ORD-1236,JKT-GRN-M,1
466,ORD-1236,TSHIRT-BLU-L,2
467,ORD-1236,WAL-BRN-01,1
468,ORD-1237,TSHIRT-BLU-L,1
469,ORD-1237,TSHIRT-RED-M,2
470,ORD-1238,CAP-NAV-01,2
471,ORD-1238,MUG-WHT-01,1
472,ORD-1239,SHOE-BLK-42,2
473,ORD-1239,CAP-NAV-01,2
474,ORD-1239,BAG-BLK-01,1
475,ORD-1240,BAG-BLK-01,1
476,ORD-1241,SHOE-BLK-42,2
477,ORD-1241,JKT-GRN-M,2
478,ORD-1241,WAL-BRN-01,2
479,ORD-1242,WAL-BRN-01,1
480,ORD-1243,TSHIRT-BLU-L,2
481,ORD-1243,JKT-GRN-M,2
482,ORD-1243,SHOE-BLK-42,1
483,ORD-1244,MUG-WHT-01,2
484,ORD-1244,WAL-BRN-01,2
485,ORD-1244,TSHIRT-BLU-L,2
486,ORD-1245,SHOE-BLK-42,1
487,ORD-1245,CAP-NAV-01,2
488,ORD-1245,TSHIRT-BLU-L,1
489,ORD-1246,MUG-WHT-01,2
490,ORD-1246,WAL-BRN-01,1
491,ORD-1246,SHOE-BLK-42,1
492,ORD-1247,TSHIRT-RED-M,1
493,ORD-1247,BOT-BLU-01,1
494,ORD-1248,BOT-BLU-01,1
495,ORD-1248,WAL-BRN-01,1
496,ORD-1248,SHOE-BLK-42,1
497,ORD-1249,JKT-GRN-M,2
498,ORD-1249,TSHIRT-BLU-L,2
499,ORD-1249,WAL-BRN-01,1
500,ORD-1250,TSHIRT-RED-M,2
501,ORD-1250,BOT-BLU-01,2
