shipment_id,order_id,courier,pickup_time,staging_location,status
1,ORD-1007,Delhivery,2026-10-06 19:28:46,STAGE-B-02,Awaiting Pickup
2,ORD-1008,BlueDart,2026-10-06 19:28:46,STAGE-C-03,Awaiting Pickup
3,ORD-1009,Delhivery,2026-10-06 18:28:46,STAGE-A-04,Picked Up
4,ORD-1010,Xpressbees,2026-10-06 19:28:46,STAGE-B-05,Awaiting Pickup
5,ORD-1011,BlueDart,2026-10-06 19:28:46,STAGE-C-06,Picked Up
6,ORD-1012,BlueDart,2026-10-06 18:28:46,STAGE-A-07,Awaiting Pickup
7,ORD-1014,Xpressbees,2026-10-06 19:28:46,STAGE-B-08,Awaiting Pickup
8,ORD-1015,Delhivery,2026-10-06 19:28:46,STAGE-C-09,Picked Up
9,ORD-1016,BlueDart,2026-10-06 18:28:46,STAGE-A-10,Picked Up
10,ORD-1018,Xpressbees,2026-10-06 19:28:46,STAGE-B-11,Picked Up
11,ORD-1020,BlueDart,2026-10-06 19:28:46,STAGE-C-12,Awaiting Pickup
12,ORD-1022,Xpressbees,2026-10-06 18:28:46,STAGE-A-01,Awaiting Pickup
13,ORD-1024,Delhivery,2026-10-06 19:28:46,STAGE-B-02,Picked Up
14,ORD-1025,Delhivery,2026-10-06 19:28:46,STAGE-C-03,Awaiting Pickup
15,ORD-1027,BlueDart,2026-10-06 18:28:46,STAGE-A-04,Picked Up
16,ORD-1029,Delhivery,2026-10-06 19:28:46,STAGE-B-05,Awaiting Pickup
17,ORD-1030,Delhivery,2026-10-06 19:28:46,STAGE-C-06,Picked Up
18,ORD-1031,Delhivery,2026-10-06 18:28:46,STAGE-A-07,Awaiting Pickup
19,ORD-1032,Xpressbees,2026-10-06 19:28:46,STAGE-B-08,Awaiting Pickup
20,ORD-1033,Delhivery,2026-10-06 19:28:46,STAGE-C-09,Awaiting Pickup
21,ORD-1034,Delhivery,2026-10-06 18:28:46,STAGE-A-10,Awaiting Pickup
22,ORD-1035,BlueDart,2026-10-06 19:28:46,STAGE-B-11,Awaiting Pickup
23,ORD-1039,Delhivery,2026-10-06 19:28:46,STAGE-C-12,Awaiting Pickup
24,ORD-1040,BlueDart,2026-10-06 18:28:46,STAGE-A-01,Awaiting Pickup
25,ORD-1041,BlueDart,2026-10-06 19:28:46,STAGE-B-02,Picked Up
26,ORD-1043,Xpressbees,2026-10-06 19:28:46,STAGE-C-03,Missed Pickup
27,ORD-1045,Xpressbees,2026-10-06 18:28:46,STAGE-A-04,Picked Up
28,ORD-1047,Delhivery,2026-10-06 19:28:46,STAGE-B-05,Awaiting Pickup
29,ORD-1048,Xpressbees,2026-10-06 19:28:46,STAGE-C-06,Picked Up
30,ORD-1051,Delhivery,2026-10-06 18:28:46,STAGE-A-07,Picked Up
31,ORD-1054,BlueDart,2026-10-06 19:28:46,STAGE-B-08,Awaiting Pickup
32,ORD-1055,Delhivery,2026-10-06 19:28:46,STAGE-C-09,Picked Up
33,ORD-1056,Xpressbees,2026-10-06 18:28:46,STAGE-A-10,Awaiting Pickup
34,ORD-1057,BlueDart,2026-10-06 19:28:46,STAGE-B-11,Awaiting Pickup
35,ORD-1058,Xpressbees,2026-10-06 19:28:46,STAGE-C-12,Picked Up
36,ORD-1060,Delhivery,2026-10-06 18:28:46,STAGE-A-01,Picked Up
37,ORD-1062,BlueDart,2026-10-06 19:28:46,STAGE-B-02,Picked Up
38,ORD-1063,Xpressbees,2026-10-06 19:28:46,STAGE-C-03,Awaiting Pickup
39,ORD-1064,Delhivery,2026-10-06 18:28:46,STAGE-A-04,Picked Up
40,ORD-1065,BlueDart,2026-10-06 19:28:46,STAGE-B-05,Awaiting Pickup
41,ORD-1066,Xpressbees,2026-10-06 19:28:46,STAGE-C-06,Picked Up
42,ORD-1067,BlueDart,2026-10-06 18:28:46,STAGE-A-07,Awaiting Pickup
43,ORD-1068,BlueDart,2026-10-06 19:28:46,STAGE-B-08,Awaiting Pickup
44,ORD-1070,Xpressbees,2026-10-06 19:28:46,STAGE-C-09,Picked Up
45,ORD-1076,Delhivery,2026-10-06 18:28:46,STAGE-A-10,Picked Up
46,ORD-1077,BlueDart,2026-10-06 19:28:46,STAGE-B-11,Awaiting Pickup
47,ORD-1079,Xpressbees,2026-10-06 19:28:46,STAGE-C-12,Awaiting Pickup
48,ORD-1083,Delhivery,2026-10-06 18:28:46,STAGE-A-01,Picked Up
49,ORD-1084,Delhivery,2026-10-06 19:28:46,STAGE-B-02,Picked Up
50,ORD-1085,Delhivery,2026-10-06 19:28:46,STAGE-C-03,Picked Up
51,ORD-1086,Xpressbees,2026-10-06 18:28:46,STAGE-A-04,Picked Up
52,ORD-1087,Xpressbees,2026-10-06 19:28:46,STAGE-B-05,Picked Up
53,ORD-1088,BlueDart,2026-10-06 19:28:46,STAGE-C-06,Picked Up
54,ORD-1089,Delhivery,2026-10-06 18:28:46,STAGE-A-07,Awaiting Pickup
55,ORD-1091,Xpressbees,2026-10-06 19:28:46,STAGE-B-08,Picked Up
56,ORD-1092,Xpressbees,2026-10-06 19:28:46,STAGE-C-09,Picked Up
57,ORD-1093,BlueDart,2026-10-06 18:28:46,STAGE-A-10,Picked Up
58,ORD-1095,Xpressbees,2026-10-06 19:28:46,STAGE-B-11,Awaiting Pickup
59,ORD-1097,Xpressbees,2026-10-06 19:28:46,STAGE-C-12,Picked Up
60,ORD-1099,Xpressbees,2026-10-06 18:28:46,STAGE-A-01,Awaiting Pickup
61,ORD-1101,Xpressbees,2026-10-06 19:28:46,STAGE-B-02,Picked Up
62,ORD-1102,Delhivery,2026-10-06 19:28:46,STAGE-C-03,Picked Up
63,ORD-1103,Delhivery,2026-10-06 18:28:46,STAGE-A-04,Picked Up
64,ORD-1104,Xpressbees,2026-10-06 19:28:46,STAGE-B-05,Awaiting Pickup
65,ORD-1106,Xpressbees,2026-10-06 19:28:46,STAGE-C-06,Missed Pickup
66,ORD-1108,Delhivery,2026-10-06 18:28:46,STAGE-A-07,Picked Up
67,ORD-1111,Xpressbees,2026-10-06 19:28:46,STAGE-B-08,Picked Up
68,ORD-1116,Xpressbees,2026-10-06 19:28:46,STAGE-C-09,Awaiting Pickup
69,ORD-1117,Delhivery,2026-10-06 18:28:46,STAGE-A-10,Awaiting Pickup
70,ORD-1118,BlueDart,2026-10-06 19:28:46,STAGE-B-11,Awaiting Pickup
